{"openapi":"3.0.0","paths":{"/signup":{"post":{"operationId":"UserController_signup","parameters":[],"requestBody":{"required":true,"content":{"application/json":{"schema":{"$ref":"#/components/schemas/SignUpDto"}}}},"responses":{"201":{"description":"Success","content":{"application/json":{"schema":{"$ref":"#/components/schemas/User"}}}},"409":{"description":"E-mail in use","content":{"application/json":{"schema":{"type":"object","properties":{"statusCode":{"type":"number","example":409},"message":{"type":"string","example":"e-mail já cadastrado em nosso sistema"}}}}}}}}},"/signin":{"post":{"operationId":"UserController_signin","parameters":[],"requestBody":{"required":true,"content":{"application/json":{"schema":{"$ref":"#/components/schemas/SignInDto"}}}},"responses":{"200":{"description":"Success","content":{"application/json":{"schema":{"type":"object"}}}},"404":{"description":"User not found","content":{"application/json":{"schema":{"type":"object","properties":{"statusCode":{"type":"number","example":404},"message":{"type":"string","example":"e-mail não encontrado"}}}}}}}}},"/signin/{code}":{"post":{"operationId":"UserController_signinCallback","parameters":[{"name":"code","required":true,"in":"path","schema":{"type":"string"}}],"requestBody":{"required":true,"content":{"application/json":{"schema":{"$ref":"#/components/schemas/SignInDto"}}}},"responses":{"200":{"description":"Success","content":{"application/json":{"schema":{"type":"object","properties":{"token":{"type":"string","example":"any_token"}}}}}},"404":{"description":"E-mail in use","content":{"application/json":{"schema":{"type":"object","properties":{"statusCode":{"type":"number","example":404},"message":{"type":"string","example":"e-mail não encontrado"}}}}}}}}},"/update-credentials":{"patch":{"operationId":"UserController_update","parameters":[],"requestBody":{"required":true,"content":{"application/json":{"schema":{"$ref":"#/components/schemas/UpdateUserDto"}}}},"responses":{"200":{"description":"Success","content":{"application/json":{"schema":{"$ref":"#/components/schemas/User"}}}},"404":{"description":"User not found","content":{"application/json":{"schema":{"type":"object","properties":{"statusCode":{"type":"number","example":404},"message":{"type":"string","example":"e-mail não encontrado"}}}}}}}}},"/resend-code":{"post":{"operationId":"UserController_resendCode","parameters":[],"requestBody":{"required":true,"content":{"application/json":{"schema":{"$ref":"#/components/schemas/ResendCodeDto"}}}},"responses":{"200":{"description":"Success","content":{"application/json":{"schema":{"type":"object"}}}},"404":{"description":"User not found","content":{"application/json":{"schema":{"type":"object","properties":{"statusCode":{"type":"number","example":404},"message":{"type":"string","example":"e-mail não encontrado"}}}}}}}}},"/google":{"get":{"operationId":"UserController_googleAuth","parameters":[],"responses":{"200":{"description":""}}}},"/google/callback":{"get":{"operationId":"UserController_googleAuthRedirect","parameters":[],"responses":{"200":{"description":""}}}},"/facebook":{"get":{"operationId":"UserController_facebookAuth","parameters":[],"responses":{"200":{"description":""}}}},"/facebook/callback":{"get":{"operationId":"UserController_facebookAuthRedirect","parameters":[],"responses":{"200":{"description":""}}}}},"info":{"title":"Users Service","description":"The users service only...","version":"1.0","contact":{}},"tags":[],"servers":[],"components":{"schemas":{"SignUpDto":{"type":"object","properties":{"cellphone":{"type":"string","example":"(66)96666-6666"}},"required":["cellphone"]},"User":{"type":"object","properties":{"_id":{"type":"string"},"email":{"type":"string"},"cellphone":{"type":"string"},"firstName":{"type":"string"},"lastName":{"type":"string"}},"required":["_id","email","cellphone","firstName","lastName"]},"SignInDto":{"type":"object","properties":{"cellphone":{"type":"string","example":"(66)96666-6666"}},"required":["cellphone"]},"UpdateUserDto":{"type":"object","properties":{"firstName":{"type":"string","example":"any_name"},"lastName":{"type":"string","example":"any_lastName"}}},"ResendCodeDto":{"type":"object","properties":{"cellphone":{"type":"string","example":"(66)96666-6666"}},"required":["cellphone"]}}}}