{"openapi":"3.0.0","paths":{"/category":{"get":{"operationId":"CategoryController_getCategoryById","parameters":[],"responses":{"200":{"description":""}}},"post":{"operationId":"CategoryController_createCategory","parameters":[],"requestBody":{"required":true,"content":{"application/json":{"schema":{"$ref":"#/components/schemas/CreateCategoryDto"}}}},"responses":{"201":{"description":""}}},"patch":{"operationId":"CategoryController_updateCategory","parameters":[],"responses":{"200":{"description":""}}},"delete":{"operationId":"CategoryController_deleteCategory","parameters":[],"responses":{"200":{"description":""}}}},"/category/{id}":{"post":{"operationId":"CategoryController_createSubCategory","parameters":[],"requestBody":{"required":true,"content":{"application/json":{"schema":{"$ref":"#/components/schemas/CreateSubCategoryDto"}}}},"responses":{"201":{"description":""}}}}},"info":{"title":"Category Service","description":"The auth service only...","version":"1.0","contact":{}},"tags":[{"name":"auth","description":""}],"servers":[],"components":{"schemas":{"CreateCategoryDto":{"type":"object","properties":{"name":{"type":"string","description":"the name of category","example":"any_category"},"image":{"type":"string","description":"the url of image","example":"https://any_image.com"}},"required":["name","image"]},"CreateSubCategoryDto":{"type":"object","properties":{"name":{"type":"string","description":"the name of category","example":"any_category"},"image":{"type":"string","description":"the url of image","example":"https://any_image.com"}},"required":["name","image"]}}}}